Title,Link,Summary
Global Education Iducation and International Education Advocacy.,https://universalpublishings.com/~niverta1/index.php/itfttdm/article/download/3979/7638,"…Asofmylastknowledgeupdatein January 2022, ""International Education Advocacy""encompasses various initiatives and efforts by organizations and individuals to promote global …"
[BOOK][B]The Indian Girl's Lament,https://books.google.com/books?hl=en&lr=&id=vvr3EAAAQBAJ&oi=fnd&pg=PA1&dq=%22As+of+my+last+knowledge+update%22+-%22GPT%22&ots=ShieiwE82F&sig=mDBd4311n5veVRGO_Z6kntPqz-Y,""" The Indian Girl's Lament"" is a poem written by William Cullen Bryant, an American poet andjournalist.Asofmylastknowledgeupdatein January 2022, I don't have the full text of this …"
PI NETWORK: A REVOLUTION,https://sjmbt.com/index.php/j/article/download/3/4,"… -Asofmylastknowledgeupdate, Pi Network was in its early development stages, and thePi cryptocurrency was not traded on major cryptocurrency exchanges. The project attracted …"
[PDF][PDF]Chapter-10 Youth at Risk: Understanding Vulnerabilities and Promoting Resilience,https://www.researchgate.net/profile/Peter-Amponsah/publication/378481429_Fundamentals_of_Media_Studies/links/65dc53d0adf2362b6357e834/Fundamentals-of-Media-Studies.pdf#page=147,"…Asofmylastknowledgeupdatein 2021, approximately 65% of India's population is underthe age of 35. This demographic presents both opportunities and challenges for the nation. It's …"
[PDF][PDF]Advancements in Spinal Injuries and Deformities: Innovations Shaping the Future,https://www.researchgate.net/profile/Neha-Vyas-8/publication/376489261_Volume_2/links/657ad1edcbd2c535ea275feb/Volume-2.pdf#page=109,"Spinal injuries and deformities constitute a multifaceted domain within the field of orthopaedicand neurological medicine, presenting complex challenges that profoundly impact …"
[HTML][HTML]Quantum Entanglement: Examining its Nature and Implications,https://www.onlinescientificresearch.com/articles/quantum-entanglement-examining-its-nature-and-implications.html,"…Asofmylastknowledgeupdatein September 2021, there is no widely accepted scientificcorrelation between quantum entanglement and longitudinal scalar waves. Both concepts are …"
Explainable AI: Assessing Methods to Make AI Systems More Transparent and Interpretable,https://www.ijnms.com/index.php/ijnms/article/download/220/185,"…Asofmylastknowledgeupdatein January 2022, I can provide you with an overview ofsome recent methods in Explainable AI (XAI). Keep in mind that developments in this field may …"
Access to Essential Medicines and Antimicrobial Agents in Rural Areas of Pakistan Specifically in Sindh,https://www.jptcp.com/index.php/jptcp/article/download/2887/2903,"… Pakistan faces several challenges in providing equitable access to healthcare for itspopulation, which is over 220 million peopleasofmylastknowledgeupdatein September 2021. …"
[PDF][PDF]WAYS TO IMPROVE FINANCIAL INCENTIVES FOR EMPLOYEES OF PRIVATE SECTOR ENTERPRISES IN UZBEKISTAN.,https://interonconf.org/index.php/usa/article/download/10015/8464,"…Asofmylastknowledgeupdatein January 2022, Uzbekistan has been undergoing economicreforms, and the country has been working to attract foreign investment and develop its …"
[PDF][PDF]Krishi Vigyan Kendras (KVKs) in India: Empowering Farmers for a Sustainable Future,https://www.researchgate.net/profile/Prashish-Singh/publication/373632787_Krishi_Vigyan_Kendras_KVKs_in_India_Empowering_Farmers_for_a_Sustainable_Future/links/64f44d6efa851147de0f8a92/Krishi-Vigyan-Kendras-KVKs-in-India-Empowering-Farmers-for-a-Sustainable-Future.pdf,"Vision, Mission, and Mandate Over a period of time, the Vision, Mission, Mandate, Staff set-upetc. of KVKs have undergone many changes to make it more demand driven. At present, …"
