Paper Title,Year,Author,Citation,Publication,Url of paper,Summary
Scalability and Distributed Computing in NET for Large-Scale AI Workloads,2021.0,RM Rajendran,40,eduzonejournal.com,https://www.eduzonejournal.com/index.php/eiprmj/article/view/513,"…Asofmylastknowledgeupdatein January 2022, several organizations have successfullyimplemented .NET for scalable AI solutions. Microsoft's .NET framework and related …"
[PDF][PDF] Integration of STEM and Humanities: A Multidisciplinary Approach to Enhance Critical Thinking Skills in Secondary Education,2019.0,H Likert,0,ijope.com,https://ijope.com/index.php/home/article/download/86/85,"…Asofmylastknowledgeupdatein January 2022, recent methods for integrating STEMand Humanities in secondary education have continued to evolve. Please note that …"
[PDF][PDF] Quantum machine learning: A theoretical overview of quantum computing applications,2019.0,Y Bhomia,0,thepharmajournal.com,https://www.thepharmajournal.com/archives/2019/vol8issue4S/PartA/S-12-12-422-845.pdf,"…Asofmylastknowledgeupdatein January 2022, quantum computing is still in the earlystages of development, and practical implementations of quantum algorithms for machine …"
[PDF][PDF] Global Health Trends: Challenges and Opportunities for Healthcare Management,2020.0,K Kelly,0,ijope.com,https://ijope.com/index.php/home/article/download/66/65,"…Asofmylastknowledgeupdatein January 2022, there might be further developments andnew methods in research. Here are some recent and evolving methods used in the field of …"
[PDF][PDF] The Influence of Culture on Innovation: A Cross-National Study,2021.0,L Martin,1,ijope.com,https://ijope.com/index.php/home/article/download/67/66,"In today's globalized world, innovation plays a pivotal role in driving economic growth andsocietal development. However, the factors that contribute to innovation are complex and …"
[PDF][PDF] Space Exploration Frontiers: Global Discoveries and Collaborative Endeavors,2021.0,H Likert,0,ijope.com,https://ijope.com/index.php/home/article/download/91/90,"…Asofmylastknowledgeupdatein January 2022, I can provide information on some recentmethods and approaches that were gaining prominence in the field of space exploration. …"
[PDF][PDF] Advancing Biomedical Research: A Comprehensive Study of Global Impacts and Collaborations,2021.0,PT Williams,0,ijope.com,https://ijope.com/index.php/home/article/download/92/91,"…Asofmylastknowledgeupdatein January 2023, several recent methods and technologieshave been employed in biomedical research to enhance data analysis, accelerate …"
[PDF][PDF] Corporate Social Responsibility in the 21st Century: A Meta-Analysis of Practices and Impact,2021.0,K Shen,0,ijope.com,https://ijope.com/index.php/home/article/download/70/69,"…Asofmylastknowledgeupdatein January 2022, here are some recent methods andapproaches that have gained prominence in the field of Corporate Social Responsibility (CSR) …"
[PDF][PDF] Trends in Green Technology Adoption: A Global Analysis,2019.0,L Huaxin,0,ijope.com,https://ijope.com/index.php/home/article/download/58/57,"As the world grapples with environmental challenges and the urgent need for sustainabledevelopment, the adoption of green technology has emerged as a pivotal force in shaping the …"
Good Governance Practices in Indian Municipalities Leveraging Technology for Efficient Service Delivery,2014.0,KR Narayanan,0,internationaljournals.org,https://internationaljournals.org/index.php/ijtd/article/view/9,"…Asofmylastknowledgeupdatein January 2022, I don't have specific information on thevery latest methods or advancements in the field of good governance practices in Indian …"
[PDF][PDF] Strategic Management in the Digital Era: A Comparative Study of Industry Leaders,2019.0,J Bird,0,ijope.com,https://ijope.com/index.php/home/article/download/59/58,"…Asofmylastknowledgeupdatein January 2022, I can provide information on some methodsand approaches that were gaining prominence in strategic management around that time. …"
[PDF][PDF] The Role of International Policies in Addressing Global Environmental Challenges,2016.0,L Gang,0,ijope.com,https://ijope.com/index.php/home/article/download/28/27,"…Asofmylastknowledgeupdatein January 2023, I can provide information on somerecent methods and approaches that were being employed to address global environmental …"
[PDF][PDF] Assignment On,2013.0,MR Hassan,0,academia.edu,https://www.academia.edu/download/108513780/ESE_3113_MOZAKKIR.pdf,"Environmental law is a collective term encompassing aspects of the law that provideprotection to the environment. A related but distinct set of regulatory regimes, now strongly …"
"[PDF][PDF] SOCIAL ECONOMIC DETERMINANTS OF ADOPTION OF FISH FARMING IN SIAYA COUNTY, KENYA",,AO OUMA,0,ir-library.ku.ac.ke,https://ir-library.ku.ac.ke/bitstream/handle/123456789/27393/Social%20Economic%20Determinants%20of%20Adoption....pdf?sequence=1,"I would like to express my sincere thankfulness to the Almighty God for keeping me wellthroughout the study period. Dr. Thomas Kibutu and Dr. Francis Onsongo, my supervisors, …"
